Store,Promo,POST_Promo,Sales,POST_Sales
1,0.5,0.5,4434.0,5050.25
10,0.5,0.5,4899.75,5073.0
100,0.5,0.5,6665.5,7066.75
1000,0.5,0.5,6423.75,6685.25
1001,0.5,0.5,4702.75,5035.0
1002,0.5,0.5,5697.5,5098.25
1003,0.5,0.5,6723.5,6413.25
1004,0.5,0.5,4414.5,4191.25
1005,0.5,0.5,5273.25,5351.25
1006,0.5,0.5,5758.25,5879.75
1007,0.5,0.5,5960.0,6329.25
1008,0.5,0.5,5070.5,4300.5
1009,0.5,0.5,4571.25,3693.25
101,0.5,0.5,6904.5,7199.5
1010,0.5,0.5,7689.25,7952.5
1011,0.5,0.5,7602.0,8203.0
1012,0.5,0.5,5202.75,5649.5
1013,0.5,0.5,4030.25,3742.75
1014,0.5,0.5,12023.0,12799.75
1015,0.5,0.5,5515.0,5820.75
1016,0.5,0.5,5005.25,4848.75
1017,0.5,0.5,7046.0,6146.0
1018,0.5,0.5,10255.0,11099.0
1019,0.5,0.5,7769.75,8187.5
102,0.5,0.5,6326.75,6488.25
1020,0.5,0.5,8054.75,8365.0
1021,0.5,0.5,7781.0,8651.75
1022,0.5,0.5,6477.75,7268.75
1023,0.5,0.5,5463.75,5862.25
1024,0.5,0.5,5421.75,5602.5
1025,0.5,0.5,7363.75,6944.5
1026,0.5,0.5,8593.75,8360.0
1027,0.5,0.5,12018.25,12103.0
1028,0.5,0.5,4263.75,4769.25
1029,0.5,0.5,5410.25,4874.25
103,0.5,0.5,3900.75,3434.25
1030,0.5,0.5,3208.75,2668.75
1031,0.5,0.5,4072.25,5514.5
1032,0.5,0.5,8171.5,9467.75
1033,0.5,0.5,13077.75,13214.5
1034,0.5,0.5,6268.0,5659.75
1035,0.5,0.5,4547.5,4013.75
1036,0.5,0.5,4239.0,4182.5
1037,0.5,0.5,6426.5,5872.25
1038,0.5,0.5,4840.25,5477.0
1039,0.5,0.5,7592.0,7197.25
104,0.5,0.5,9177.75,9561.25
1040,0.5,0.5,7849.0,7265.25
1041,0.5,0.5,5332.25,5446.25
1042,0.5,0.5,4017.0,3606.5
1043,0.5,0.5,7629.0,8058.0
1044,0.5,0.5,6044.75,5483.75
1045,0.5,0.5,6124.5,6408.25
1046,0.5,0.5,7835.5,6943.0
1047,0.5,0.5,4745.75,3984.25
1048,0.5,0.5,5959.75,6000.25
1049,0.5,0.5,3712.5,3555.25
105,0.5,0.5,4193.0,4323.75
1050,0.5,0.5,6856.5,7527.75
1051,0.5,0.5,7191.0,7256.5
1052,0.5,0.5,6674.25,6362.75
1053,0.5,0.5,9054.75,7872.0
1054,0.5,0.5,5486.5,5728.0
1055,0.5,0.5,7178.75,6795.0
1056,0.5,0.5,3234.25,3862.5
1057,0.5,0.5,5379.25,5600.75
1058,0.5,0.5,7018.75,7392.25
1059,0.5,0.5,7736.0,7553.0
106,0.5,0.5,8586.0,6548.0
1060,0.5,0.5,7049.5,7216.75
1061,0.5,0.5,6524.5,7441.0
1062,0.5,0.5,5508.0,5853.5
1063,0.5,0.5,3876.0,3830.75
1064,0.5,0.5,8848.75,8981.5
1065,0.5,0.5,3904.0,4235.25
1066,0.5,0.5,10682.5,9804.75
1067,0.5,0.5,5196.25,4861.75
1068,0.5,0.5,4114.0,4589.25
1069,0.5,0.5,7498.5,5242.25
107,0.5,0.5,6623.25,7072.25
1070,0.5,0.5,6159.5,7232.25
1071,0.5,0.5,5818.25,6525.5
1072,0.5,0.5,7056.5,6413.75
1073,0.5,0.5,6843.5,5456.25
1074,0.5,0.5,4547.5,4529.0
1075,0.5,0.5,9722.75,10281.25
1076,0.5,0.5,3303.5,3553.75
1077,0.5,0.5,4122.0,4942.75
1078,0.5,0.5,6668.25,6048.25
1079,0.5,0.5,8040.75,7645.75
108,0.5,0.5,9298.25,10048.75
1080,0.5,0.5,9665.5,8498.0
1081,0.5,0.5,7257.0,6384.75
1082,0.5,0.5,6605.5,6826.5
1083,0.5,0.5,4540.5,4031.25
1084,0.5,0.5,5389.0,5506.0
1085,0.5,0.5,7266.75,8136.25
1086,0.5,0.5,7079.0,6506.0
1087,0.5,0.5,5247.0,5579.0
1088,0.5,0.5,5422.0,3693.5
1089,0.5,0.5,9170.75,7657.0
109,0.5,0.5,5915.25,5276.25
1090,0.5,0.5,6911.0,5106.25
1091,0.5,0.5,7483.75,7623.75
1092,0.5,0.5,10856.5,10363.75
1093,0.5,0.5,7565.0,7556.25
1094,0.5,0.5,3902.75,4337.0
1095,0.5,0.5,4713.75,4232.25
1096,0.5,0.5,4481.5,5344.25
1097,0.5,0.5,9431.25,9281.75
1098,0.5,0.5,5088.75,4547.5
1099,0.5,0.5,6565.0,7193.75
11,0.5,0.5,7639.75,7635.5
110,0.5,0.5,4107.25,4595.75
1100,0.5,0.5,5000.75,4973.0
1101,0.5,0.5,8421.0,8717.0
1102,0.5,0.5,6642.75,6831.0
1103,0.5,0.5,4385.0,4726.25
1104,0.5,0.5,4679.0,5079.0
1105,0.5,0.5,3917.75,4955.25
1106,0.5,0.5,4612.25,4749.75
1107,0.5,0.5,5394.5,4857.0
1108,0.5,0.5,5664.25,6658.25
1109,0.5,0.5,4811.0,4773.5
111,0.5,0.5,6087.5,5882.5
1110,0.5,0.5,3988.25,4326.5
1111,0.5,0.5,5389.0,6275.75
1112,0.5,0.5,9132.0,9699.25
1113,0.5,0.5,5685.0,5420.75
1114,0.5,0.5,18386.0,19282.75
1115,0.5,0.5,5341.5,5183.25
112,0.5,0.5,6045.75,6025.0
113,0.5,0.5,7449.0,7575.75
114,0.5,0.5,5093.0,5100.5
115,0.5,0.5,6239.75,6791.0
116,0.5,0.5,6608.75,5608.5
117,0.5,0.5,3653.75,2677.75
118,0.5,0.5,6735.25,6761.25
119,0.5,0.5,5903.75,5870.5
12,0.5,0.5,7246.5,5913.0
120,0.5,0.5,6449.0,6548.25
121,0.5,0.5,4043.0,4101.25
122,0.5,0.5,5083.25,5454.5
123,0.5,0.5,8571.5,7394.0
124,0.5,0.5,4006.0,3370.0
125,0.5,0.5,10784.75,10641.0
126,0.5,0.5,5971.75,5716.25
127,0.5,0.5,4857.25,4967.75
128,0.5,0.5,6714.75,6638.75
129,0.5,0.5,8488.0,8832.75
13,0.5,0.5,4239.5,4594.75
130,0.5,0.5,5002.75,4674.0
131,0.5,0.5,5366.75,4843.75
132,0.5,0.5,5438.25,5259.0
133,0.5,0.5,5760.75,6095.25
134,0.5,0.5,4676.5,4995.5
135,0.5,0.5,5049.5,4889.25
136,0.5,0.5,5884.25,6492.25
137,0.5,0.5,7143.5,7648.25
138,0.5,0.5,6816.5,6803.5
139,0.5,0.5,6115.0,5404.0
14,0.5,0.5,5362.75,5225.25
140,0.5,0.5,7134.5,6386.75
141,0.5,0.5,5228.5,5556.5
142,0.5,0.5,4850.25,4098.0
143,0.5,0.5,5667.75,6297.0
144,0.5,0.5,6869.75,6115.0
145,0.5,0.5,7610.0,7399.0
146,0.5,0.5,6878.5,6671.25
147,0.5,0.5,7697.75,7765.25
148,0.5,0.5,7922.25,7434.25
149,0.5,0.5,5261.0,5571.0
15,0.5,0.5,5922.25,6469.0
150,0.5,0.5,7420.5,7497.5
151,0.5,0.5,6058.25,6376.75
152,0.5,0.5,6017.0,5223.75
153,0.5,0.5,7431.25,6862.75
154,0.5,0.5,7465.75,7419.75
155,0.5,0.5,5903.5,6281.75
156,0.5,0.5,6751.0,6773.0
157,0.5,0.5,9521.25,8905.0
158,0.5,0.5,7748.5,6975.5
159,0.5,0.5,6571.75,7283.5
16,0.5,0.5,7712.25,6539.75
160,0.5,0.5,4892.75,5499.5
161,0.5,0.5,6742.75,7423.5
162,0.5,0.5,6473.0,6992.5
163,0.5,0.5,6475.0,6458.5
164,0.5,0.5,5761.75,5751.0
165,0.5,0.5,4167.75,3683.0
166,0.5,0.5,5687.5,5202.75
167,0.5,0.5,9338.5,8763.25
168,0.5,0.5,7221.5,7678.0
169,0.5,0.5,6645.75,7068.75
17,0.5,0.5,6104.0,5093.0
170,0.5,0.5,4689.5,4799.5
171,0.5,0.5,7586.75,7395.5
172,0.5,0.5,6362.25,6789.75
173,0.5,0.5,7538.75,7780.0
174,0.5,0.5,5363.25,6307.5
175,0.5,0.5,5053.0,5652.75
176,0.5,0.5,4896.25,4492.25
177,0.5,0.5,4235.25,4001.75
178,0.5,0.5,9074.5,8762.25
179,0.5,0.5,6859.5,7240.75
18,0.5,0.5,6090.5,7587.0
180,0.5,0.5,6449.75,7138.75
181,0.5,0.5,6337.0,5768.25
182,0.5,0.5,4759.0,4986.25
183,0.5,0.5,4188.25,4595.25
184,0.5,0.5,6455.0,6885.0
185,0.5,0.5,5823.25,6131.25
186,0.5,0.5,3284.0,2687.5
187,0.5,0.5,5608.5,5614.0
188,0.5,0.5,4495.75,4466.0
189,0.5,0.5,8815.25,8222.25
19,0.5,0.5,6035.5,6305.25
190,0.5,0.5,6837.25,6667.0
191,0.5,0.5,5454.5,4704.75
192,0.5,0.5,6315.5,7670.0
193,0.5,0.5,5605.75,5058.75
194,0.5,0.5,4366.25,4389.25
195,0.5,0.5,10739.0,9980.25
196,0.5,0.5,4691.75,4822.25
197,0.5,0.5,6538.25,5553.25
198,0.5,0.5,2569.25,3574.75
199,0.5,0.5,7089.5,7358.25
2,0.5,0.5,5753.25,4744.25
20,0.5,0.5,7342.5,8225.5
200,0.5,0.5,7831.5,7413.75
201,0.5,0.5,4684.0,4239.75
202,0.5,0.5,5509.75,6065.5
203,0.5,0.5,7178.5,6512.25
204,0.5,0.5,5515.0,4993.25
205,0.5,0.5,5954.5,5850.75
206,0.5,0.5,6713.5,6694.25
207,0.5,0.5,10364.75,11197.75
208,0.5,0.5,2422.25,1927.75
209,0.5,0.5,4935.75,5104.75
21,0.5,0.5,4806.25,5062.0
210,0.5,0.5,3049.75,3426.75
211,0.5,0.5,12469.25,11900.0
212,0.5,0.5,4975.0,4976.5
213,0.5,0.5,7965.75,8390.0
214,0.5,0.5,8465.5,8363.75
215,0.5,0.5,5577.75,5899.5
216,0.5,0.5,6480.25,7295.0
217,0.5,0.5,4288.25,3662.75
218,0.5,0.5,5278.5,4382.0
219,0.5,0.5,3114.75,2663.25
22,0.5,0.5,4022.75,4481.75
220,0.5,0.5,5025.0,4467.5
221,0.5,0.5,4743.5,5443.75
222,0.5,0.5,4798.75,5039.75
223,0.5,0.5,6980.25,6681.25
224,0.5,0.5,5820.75,6228.75
225,0.5,0.5,4494.75,4398.75
226,0.5,0.5,6584.0,6841.25
227,0.5,0.5,6090.75,5171.25
228,0.5,0.5,6735.25,6078.0
229,0.5,0.5,7592.5,7485.0
23,0.5,0.5,5039.5,5146.0
230,0.5,0.5,6641.25,6751.0
231,0.5,0.5,4142.5,4411.5
232,0.5,0.5,2563.25,2596.5
233,0.5,0.5,8809.25,8758.75
234,0.5,0.5,10398.0,10617.75
235,0.5,0.5,5637.5,6403.75
236,0.5,0.5,6633.0,6457.25
237,0.5,0.5,4126.25,3497.0
238,0.5,0.5,7636.75,5775.25
239,0.5,0.5,4067.75,3994.75
24,0.5,0.5,8713.75,8326.25
240,0.5,0.5,4661.5,4535.75
241,0.5,0.5,5677.5,5550.75
242,0.5,0.5,3365.0,3906.75
243,0.5,0.5,6785.75,6429.25
244,0.5,0.5,4447.5,4818.25
245,0.5,0.5,8777.5,9056.25
246,0.5,0.5,6284.25,6357.75
247,0.5,0.5,7373.0,7607.5
248,0.5,0.5,7320.75,6078.5
249,0.5,0.5,4397.75,4636.25
25,0.5,0.5,13452.5,14301.0
250,0.5,0.5,8015.0,8394.75
251,0.5,0.5,17592.5,17061.0
252,0.5,0.5,9927.75,9707.25
253,0.5,0.5,5608.75,6259.0
254,0.5,0.5,2679.75,2891.75
255,0.5,0.5,5503.75,5872.75
256,0.5,0.5,9509.75,10393.5
257,0.5,0.5,4765.0,4931.5
258,0.5,0.5,4828.5,4830.75
259,0.5,0.5,12173.0,11291.5
26,0.5,0.5,5634.75,5164.75
260,0.5,0.5,6151.0,6989.5
261,0.5,0.5,11978.75,11609.75
262,0.5,0.5,17616.5,18456.5
263,0.5,0.5,2898.5,4560.0
264,0.5,0.5,6767.75,6364.25
265,0.5,0.5,4516.0,6214.25
266,0.5,0.5,4000.5,3625.25
267,0.5,0.5,7173.5,7894.0
268,0.5,0.5,4953.25,3844.75
269,0.5,0.5,8727.25,9311.25
27,0.5,0.5,8610.5,8438.5
270,0.5,0.5,8439.75,8753.75
271,0.5,0.5,7932.25,7644.75
272,0.5,0.5,5919.5,5593.75
273,0.5,0.5,6082.0,5866.75
274,0.5,0.5,3200.0,3871.25
275,0.5,0.5,7247.25,7280.0
276,0.5,0.5,4103.25,3984.0
277,0.5,0.5,6078.5,6523.5
278,0.5,0.5,6500.0,6432.0
279,0.5,0.5,7378.5,8034.5
28,0.5,0.5,5099.25,5067.0
280,0.5,0.5,5457.5,5904.25
281,0.5,0.5,5136.25,5587.25
282,0.5,0.5,4333.25,4317.5
283,0.5,0.5,6005.75,6486.0
284,0.5,0.5,4843.75,4661.25
285,0.5,0.5,4751.0,4502.25
286,0.5,0.5,4775.25,4736.5
287,0.5,0.5,7136.5,7440.5
288,0.5,0.5,4869.25,5461.25
289,0.5,0.5,5989.0,5565.5
29,0.5,0.5,6231.75,7200.5
290,0.5,0.5,6426.75,5641.25
291,0.5,0.5,7405.5,7165.0
292,0.5,0.5,5559.0,5173.0
293,0.5,0.5,5719.25,6492.0
294,0.5,0.5,6057.25,5891.25
295,0.5,0.5,4973.25,4595.75
296,0.5,0.5,6628.75,6791.25
297,0.5,0.5,6787.5,7629.0
298,0.5,0.5,6809.5,6911.75
299,0.5,0.5,4494.75,4959.25
3,0.5,0.5,6633.75,6134.25
30,0.5,0.5,5460.5,5245.5
300,0.5,0.5,6013.5,5800.5
301,0.5,0.5,5323.5,5384.75
302,0.5,0.5,2976.5,3929.75
303,0.5,0.5,5726.25,6463.25
304,0.5,0.5,6754.5,7094.5
305,0.5,0.5,4794.75,4850.5
306,0.5,0.5,4199.5,3531.25
307,0.5,0.5,2298.0,2570.75
308,0.5,0.5,8750.75,8256.5
309,0.5,0.5,6480.5,6421.5
31,0.5,0.5,5129.5,4815.75
310,0.5,0.5,7555.75,6673.75
311,0.5,0.5,6589.25,6255.75
312,0.5,0.5,4908.0,5905.25
313,0.5,0.5,6153.5,6238.25
314,0.5,0.5,5213.25,4990.5
315,0.5,0.5,4017.75,3247.5
316,0.5,0.5,8669.0,9222.75
317,0.5,0.5,4647.5,4235.0
318,0.5,0.5,6917.5,6767.25
319,0.5,0.5,7378.75,7841.25
32,0.5,0.5,3822.75,4834.0
320,0.5,0.5,13359.0,13186.0
321,0.5,0.5,4788.5,3773.25
322,0.5,0.5,4503.75,4293.0
323,0.5,0.5,6638.25,6533.75
324,0.5,0.5,5266.25,4805.0
325,0.5,0.5,5835.25,6303.75
326,0.5,0.5,3957.0,5168.5
327,0.5,0.5,6669.0,6751.0
328,0.5,0.5,4478.25,3714.0
329,0.5,0.5,6541.25,7023.75
33,0.5,0.5,8003.0,7589.0
330,0.5,0.5,3786.5,3925.25
331,0.5,0.5,6459.5,6856.5
332,0.5,0.5,3875.25,3501.0
333,0.5,0.5,8858.0,8607.25
334,0.5,0.5,5014.0,5368.25
335,0.5,0.5,15489.25,13663.5
336,0.5,0.5,13524.5,13492.25
337,0.5,0.5,4526.25,5499.75
338,0.5,0.5,6516.25,6521.25
339,0.5,0.5,4997.25,4742.25
34,0.5,0.5,7056.75,6701.5
340,0.5,0.5,6336.5,5860.75
341,0.5,0.5,5198.0,5248.0
342,0.5,0.5,9574.5,9285.0
343,0.5,0.5,6446.0,6218.0
344,0.5,0.5,7450.75,8151.75
345,0.5,0.5,4520.5,4140.0
346,0.5,0.5,6573.0,5569.75
347,0.5,0.5,4106.75,5298.0
348,0.5,0.5,7951.0,7836.25
349,0.5,0.5,7105.25,7147.0
35,0.5,0.5,8465.25,8891.5
350,0.5,0.5,5803.5,5952.75
351,0.5,0.5,5387.75,5368.0
352,0.5,0.5,5742.75,6721.25
353,0.5,0.5,5480.25,4773.5
354,0.5,0.5,7121.0,6838.5
355,0.5,0.5,8201.75,8164.75
356,0.5,0.5,5190.75,4462.25
357,0.5,0.5,6948.0,6923.25
358,0.5,0.5,9037.5,9530.0
359,0.5,0.5,6388.5,6287.0
36,0.5,0.5,8107.75,9258.75
360,0.5,0.5,6310.0,6790.75
361,0.5,0.5,5494.5,5197.5
362,0.5,0.5,8323.0,7864.0
363,0.5,0.5,6363.75,6684.25
364,0.5,0.5,4134.75,3875.25
365,0.5,0.5,5044.5,5167.75
366,0.5,0.5,5727.5,4779.0
367,0.5,0.5,4582.0,5039.5
368,0.5,0.5,8822.25,9246.5
369,0.5,0.5,6012.5,7100.5
37,0.5,0.5,5406.25,5478.0
370,0.5,0.5,6621.25,7234.25
371,0.5,0.5,6210.0,6098.25
372,0.5,0.5,7532.25,8625.5
373,0.5,0.5,4239.75,4835.5
374,0.5,0.5,7047.0,7046.25
375,0.5,0.5,8806.25,8183.0
376,0.5,0.5,7323.25,7530.0
377,0.5,0.5,6696.25,7261.75
378,0.5,0.5,5904.5,5844.75
379,0.5,0.5,3517.25,3500.0
38,0.5,0.5,5318.0,5665.5
380,0.5,0.5,13981.75,13116.25
381,0.5,0.5,8579.0,7608.75
382,0.5,0.5,6840.5,6218.75
383,0.5,0.5,15924.5,13969.0
384,0.5,0.5,8119.25,6753.75
385,0.5,0.5,6860.0,7108.25
386,0.5,0.5,8476.75,8784.0
387,0.5,0.5,9112.0,9301.75
388,0.5,0.5,9597.5,8922.5
389,0.5,0.5,10140.0,10495.25
39,0.5,0.5,5235.75,4816.25
390,0.6666666666666666,0.6666666666666666,12594.666666666666,13799.333333333334
391,0.5,0.5,5501.0,6111.75
392,0.5,0.5,6919.25,6500.25
393,0.5,0.5,5836.0,5697.25
394,0.5,0.5,6914.5,7754.5
395,0.5,0.5,3666.25,3270.25
396,0.5,0.5,8912.25,9122.75
397,0.5,0.5,5321.0,4834.0
398,0.5,0.5,4911.75,5866.25
399,0.5,0.5,4929.0,5168.5
4,0.5,0.5,8571.75,8706.5
40,0.5,0.5,4441.0,4365.75
400,0.5,0.5,8341.75,7874.25
401,0.5,0.5,6612.75,5774.5
402,0.5,0.5,4740.0,5650.75
403,0.5,0.5,7312.75,7614.25
404,0.5,0.5,5196.0,4639.0
405,0.5,0.5,4029.25,3419.25
406,0.5,0.5,5303.0,6778.5
407,0.5,0.5,3323.75,2850.5
408,0.5,0.5,4077.25,3717.25
409,0.5,0.5,5045.0,4475.5
41,0.5,0.5,4588.0,5226.0
410,0.5,0.5,6435.0,5665.25
411,0.5,0.5,7794.5,8326.25
412,0.5,0.5,7517.5,7896.75
413,0.5,0.5,6800.0,6573.75
414,0.5,0.5,5458.75,5886.25
415,0.5,0.5,5499.75,5971.75
416,0.5,0.5,9971.75,9700.0
417,0.5,0.5,7115.75,7282.5
418,0.5,0.5,5404.5,4846.25
419,0.5,0.5,4948.0,4441.75
42,0.5,0.5,10108.75,9383.75
420,0.5,0.5,3812.0,3843.5
421,0.5,0.5,7116.5,7860.5
422,0.5,0.5,4261.75,3428.0
423,0.5,0.5,8855.5,8955.5
424,0.5,0.5,5781.5,7933.75
425,0.5,0.5,3199.75,2930.5
426,0.5,0.5,5358.25,5028.0
427,0.5,0.5,6905.0,7304.0
428,0.5,0.5,5471.0,6587.75
429,0.5,0.5,4648.75,4900.0
43,0.5,0.5,7197.0,6153.5
430,0.5,0.5,7466.25,7414.25
431,0.5,0.5,8596.75,8820.0
432,0.5,0.5,10579.75,9284.75
433,0.5,0.5,4832.75,4893.0
434,0.5,0.5,8232.75,8300.5
435,0.5,0.5,3786.5,3953.25
436,0.5,0.5,5315.0,6025.25
437,0.5,0.5,6299.75,6121.5
438,0.5,0.5,4697.75,5144.5
439,0.5,0.5,6331.75,6771.75
44,0.5,0.5,5226.0,5134.0
440,0.5,0.5,4726.5,4423.0
441,0.5,0.5,5766.5,6318.0
442,0.5,0.5,3644.5,4713.75
443,0.5,0.5,4830.0,5239.5
444,0.5,0.5,10111.25,11071.5
445,0.5,0.5,7782.0,7079.0
446,0.5,0.5,5157.5,4305.5
447,0.5,0.5,5001.0,5050.25
448,0.5,0.5,8256.75,7046.25
449,0.5,0.5,10784.75,10986.75
45,0.5,0.5,4559.5,4576.75
450,0.5,0.5,6942.75,7697.5
451,0.5,0.5,4786.25,4984.75
452,0.5,0.5,4296.0,4738.5
453,0.5,0.5,6362.75,5469.25
454,0.5,0.5,6109.75,4659.5
455,0.5,0.5,6762.75,6579.25
456,0.5,0.5,5801.25,6660.75
457,0.5,0.5,4307.25,4109.5
458,0.5,0.5,6328.25,6505.75
459,0.5,0.5,8531.75,8368.5
46,0.5,0.5,4609.75,4760.0
460,0.5,0.5,3380.75,3319.5
461,0.5,0.5,4216.75,5599.5
462,0.5,0.5,4384.5,5088.25
463,0.5,0.5,5927.5,4633.0
464,0.5,0.5,8769.5,9127.5
465,0.5,0.5,6674.75,6559.5
466,0.5,0.5,7527.5,6660.25
467,0.5,0.5,12010.5,13587.0
468,0.5,0.5,5930.0,7519.75
469,0.5,0.5,10326.5,9248.5
47,0.5,0.5,6875.5,5416.5
470,0.5,0.5,11586.75,11362.75
471,0.5,0.5,6568.0,7110.75
472,0.5,0.5,4768.5,5896.25
473,0.5,0.5,3348.0,2818.25
474,0.5,0.5,7617.0,6918.75
475,0.5,0.5,6133.5,5846.25
476,0.5,0.5,5695.5,5789.75
477,0.5,0.5,5432.5,5656.5
478,0.5,0.5,6435.25,6225.5
479,0.5,0.5,10319.0,10779.5
48,0.5,0.5,4028.0,4500.0
480,0.5,0.5,5249.75,4840.75
481,0.5,0.5,5012.0,5887.5
482,0.5,0.5,6803.75,8765.5
483,0.5,0.5,4641.5,4027.75
484,0.5,0.5,5828.0,6262.75
485,0.5,0.5,4246.25,4072.0
486,0.5,0.5,4217.0,4614.5
487,0.5,0.5,5962.25,5685.75
488,0.5,0.5,3355.5,3006.75
489,0.5,0.5,7351.25,7665.0
49,0.5,0.5,6428.25,6607.75
490,0.5,0.5,7557.25,7792.0
491,0.5,0.5,5718.0,6182.75
492,0.5,0.5,6910.25,7507.5
493,0.5,0.5,7609.5,7911.25
494,0.5,0.5,7393.75,7115.75
495,0.5,0.5,4408.0,4676.75
496,0.5,0.5,6837.0,7056.25
497,0.5,0.5,8373.5,7783.0
498,0.5,0.5,6150.0,6723.5
499,0.5,0.5,4630.75,4612.25
5,0.5,0.5,4959.0,4262.25
50,0.5,0.5,3683.0,3777.5
500,0.5,0.5,4666.25,5818.75
501,0.5,0.5,5798.0,5106.25
502,0.5,0.5,9687.25,9576.75
503,0.5,0.5,5526.25,6224.5
504,0.5,0.5,5690.5,6064.25
505,0.5,0.5,4522.5,6053.0
506,0.5,0.5,7687.75,6992.0
507,0.5,0.5,7297.25,7350.75
508,0.5,0.5,6184.5,6509.25
509,0.5,0.5,5926.75,5383.75
51,0.5,0.5,5270.5,6142.25
510,0.5,0.5,8213.75,7840.25
511,0.5,0.5,5433.5,5329.25
512,0.5,0.5,5019.5,5320.75
513,0.5,0.5,16316.0,16611.25
514,0.5,0.5,5324.5,5067.0
515,0.5,0.5,7673.5,7802.5
516,0.5,0.5,5268.25,5234.0
517,0.5,0.5,5977.75,6108.0
518,0.5,0.5,5104.75,5265.25
519,0.5,0.5,4148.25,4652.5
52,0.5,0.5,7415.25,8148.25
520,0.5,0.5,3528.75,3454.0
521,0.5,0.5,4498.5,5411.5
522,0.5,0.5,7312.5,7349.0
523,0.5,0.5,11948.0,13022.0
524,0.5,0.5,7239.5,7787.0
525,0.5,0.5,8741.5,8693.75
526,0.5,0.5,10641.0,9122.25
527,0.5,0.5,9759.25,9047.25
528,0.5,0.5,9877.0,9953.0
529,0.5,0.5,6812.75,7621.75
53,0.5,0.5,4927.5,3713.0
530,0.5,0.5,2410.25,2986.5
531,0.5,0.5,4282.75,5297.5
532,0.5,0.5,11513.0,10734.25
533,0.5,0.5,8597.25,8550.0
534,0.5,0.5,6503.25,6777.75
535,0.5,0.5,8185.25,6516.75
536,0.5,0.5,7478.75,8130.5
537,0.5,0.5,5367.25,5400.25
538,0.5,0.5,3671.0,3814.25
539,0.5,0.5,9922.5,10716.25
54,0.5,0.5,6492.0,7164.0
540,0.5,0.5,4772.75,4610.75
541,0.5,0.5,5924.75,6245.5
542,0.5,0.5,5813.25,5279.75
543,0.5,0.5,2882.75,2927.0
544,0.5,0.5,13019.5,13719.0
545,0.5,0.5,10132.5,9799.25
546,0.5,0.5,11941.75,11929.5
547,0.5,0.5,5220.5,3926.0
548,0.5,0.5,4455.25,5248.0
549,0.5,0.5,4336.75,4615.75
55,0.5,0.5,4505.0,3735.25
550,0.5,0.5,5276.5,5491.5
551,0.5,0.5,6163.75,6635.5
552,0.5,0.5,7719.5,6951.75
553,0.5,0.5,5230.5,6443.5
554,0.5,0.5,4061.5,3516.0
555,0.5,0.5,4355.5,4817.25
556,0.5,0.5,6697.75,6664.75
557,0.5,0.5,4504.75,4030.75
558,0.5,0.5,2957.25,3685.25
559,0.5,0.5,5862.75,4894.75
56,0.5,0.5,5265.0,6145.5
560,0.5,0.5,12044.0,12328.5
561,0.5,0.5,6239.25,6704.0
562,0.5,0.5,17912.5,18951.25
563,0.5,0.5,5203.0,6191.0
564,0.5,0.5,5073.75,4473.0
565,0.5,0.5,6691.25,6440.25
566,0.5,0.5,4461.5,4909.0
567,0.5,0.5,5127.75,5622.25
568,0.5,0.5,4013.0,5022.0
569,0.5,0.5,4512.5,4925.75
57,0.5,0.5,10236.75,10324.5
570,0.5,0.5,4735.25,4128.0
571,0.5,0.5,6205.75,6615.5
572,0.5,0.5,6453.5,7481.0
573,0.5,0.5,3961.0,3770.0
574,0.5,0.5,8248.5,7658.25
575,0.5,0.5,5135.25,4590.75
576,0.5,0.5,6238.0,6184.75
577,0.5,0.5,4637.0,5275.0
578,0.5,0.5,6562.25,6576.5
579,0.5,0.5,7640.25,7893.75
58,0.5,0.5,5560.25,4720.5
580,0.5,0.5,8717.0,9395.25
581,0.5,0.5,5174.25,4926.25
582,0.5,0.5,6083.0,6438.75
583,0.5,0.5,4057.75,3724.0
584,0.5,0.5,4591.25,4608.5
585,0.5,0.5,6053.0,6043.25
586,0.5,0.5,14388.5,13484.75
587,0.5,0.5,7559.0,8172.5
588,0.5,0.5,5137.25,5112.5
589,0.5,0.5,4871.75,4709.5
59,0.5,0.5,5451.5,4577.25
590,0.5,0.5,4449.75,5137.25
591,0.5,0.5,5537.25,4955.0
592,0.5,0.5,4411.25,3972.5
593,0.5,0.5,7881.25,8277.0
594,0.5,0.5,4257.0,4356.25
595,0.5,0.5,13237.25,13670.0
596,0.5,0.5,3825.75,3580.5
597,0.5,0.5,4481.25,4881.0
598,0.5,0.5,4902.75,5281.0
599,0.5,0.5,7840.5,8350.25
6,0.5,0.5,5071.25,4449.0
60,0.5,0.5,8121.5,7307.25
600,0.5,0.5,5938.5,6290.75
601,0.5,0.5,4203.25,3879.25
602,0.5,0.5,6234.5,5802.0
603,0.5,0.5,6705.0,6201.75
604,0.5,0.5,7585.5,8047.25
605,0.5,0.5,6392.75,6380.5
606,0.5,0.5,5747.25,5605.5
607,0.5,0.5,3712.5,3760.5
608,0.5,0.5,8427.0,8626.5
609,0.5,0.5,4322.5,4351.5
61,0.5,0.5,4518.5,4261.5
610,0.5,0.5,3875.0,3960.5
611,0.5,0.5,5434.25,5069.0
612,0.5,0.5,6040.25,5623.25
613,0.5,0.5,6049.75,6608.25
614,0.5,0.5,6052.75,5153.25
615,0.5,0.5,8867.75,8864.0
616,0.5,0.5,8331.25,8078.0
617,0.5,0.5,6199.0,5619.75
618,0.5,0.5,5632.0,6099.25
619,0.5,0.5,4425.75,4408.5
62,0.5,0.5,6793.75,5814.25
620,0.5,0.5,7064.25,6977.0
621,0.5,0.5,5852.0,5733.0
622,0.5,0.5,4104.25,4465.5
623,0.5,0.5,6781.0,6469.25
624,0.5,0.5,6832.0,6955.5
625,0.5,0.5,6240.5,6054.75
626,0.5,0.5,8362.0,8662.75
627,0.5,0.5,5763.0,5396.25
628,0.5,0.5,5976.0,6248.75
629,0.5,0.5,6723.0,7440.25
63,0.5,0.5,5912.75,6247.75
630,0.5,0.5,7519.25,7039.0
631,0.5,0.5,4923.5,4884.75
632,0.5,0.5,6242.5,6151.75
633,0.5,0.5,5830.75,6434.75
634,0.5,0.5,6193.75,5651.75
635,0.5,0.5,5387.75,5940.5
636,0.5,0.5,5255.0,4462.0
637,0.5,0.5,7875.25,7347.25
638,0.5,0.5,5286.0,5098.0
639,0.5,0.5,4952.75,4434.75
64,0.5,0.5,9074.5,9106.75
640,0.5,0.5,10300.75,8893.5
641,0.5,0.5,5806.5,6167.0
642,0.5,0.5,3876.75,3999.75
643,0.5,0.5,6877.25,7236.75
644,0.5,0.5,7900.25,8609.75
645,0.5,0.5,9559.75,10285.75
646,0.5,0.5,4760.75,4223.75
647,0.5,0.5,5155.75,5756.75
648,0.5,0.5,5348.75,5594.25
649,0.5,0.5,3698.25,2845.5
65,0.5,0.5,4530.5,3811.0
650,0.5,0.5,5517.25,5664.25
651,0.5,0.5,7668.5,7054.5
652,0.5,0.5,5556.75,6493.0
653,0.5,0.5,5460.5,5105.0
654,0.5,0.5,6457.25,5097.25
655,0.5,0.5,6956.75,8286.75
656,0.5,0.5,3046.0,3358.0
657,0.5,0.5,5295.75,5305.0
658,0.5,0.5,5730.5,5856.0
659,0.5,0.5,5754.5,5845.5
66,0.5,0.5,5094.75,6185.0
660,0.5,0.5,4105.25,4099.5
661,0.5,0.5,6541.75,6885.5
662,0.5,0.5,8032.5,8087.5
663,0.5,0.5,4485.25,4964.5
664,0.5,0.5,4383.75,4043.5
665,0.5,0.5,8137.75,7180.75
666,0.5,0.5,6028.0,6157.0
667,0.5,0.5,7805.0,7901.25
668,0.5,0.5,8235.25,8383.75
669,0.5,0.5,3716.25,3864.5
67,0.5,0.5,7690.25,7003.5
670,0.5,0.5,6120.25,5691.25
671,0.5,0.5,5468.25,5181.5
672,0.5,0.5,7333.75,6659.5
673,0.5,0.5,6170.75,5747.5
674,0.5,0.5,7970.75,7336.25
675,0.5,0.5,3752.5,3603.0
676,0.5,0.5,6787.25,7553.0
677,0.5,0.5,7685.0,6812.25
678,0.5,0.5,6483.0,6072.75
679,0.5,0.5,9341.0,9558.25
68,0.5,0.5,6484.5,6012.25
680,0.5,0.5,4469.25,4688.25
681,0.5,0.5,3175.5,3684.25
682,0.5,0.5,11838.75,11407.25
683,0.5,0.5,8711.0,8120.25
684,0.5,0.5,6593.25,7013.25
685,0.5,0.5,5934.5,5686.75
686,0.5,0.5,5993.0,6013.25
687,0.5,0.5,7567.0,7186.0
688,0.5,0.5,3458.25,4544.25
689,0.5,0.5,6449.25,6457.0
69,0.5,0.5,8274.5,8310.0
690,0.5,0.5,5616.5,6049.5
691,0.5,0.5,7841.25,8211.75
692,0.5,0.5,6373.0,5502.75
693,0.5,0.5,5796.25,5805.0
694,0.5,0.5,7279.25,7740.75
695,0.5,0.5,4875.25,4814.0
696,0.5,0.5,7120.5,6477.0
697,0.5,0.5,9759.5,10044.75
698,0.5,0.5,14946.25,15030.75
699,0.5,0.5,7533.25,8180.5
7,0.5,0.5,7317.5,8469.0
70,0.5,0.5,6112.0,5630.75
700,0.5,0.5,4294.75,4450.75
701,0.5,0.5,5297.5,4313.0
702,0.5,0.5,3832.0,3510.0
703,0.5,0.5,3298.5,3285.0
704,0.5,0.5,9455.0,9087.0
705,0.5,0.5,7828.5,7715.75
706,0.5,0.5,4866.0,5552.0
707,0.5,0.5,7519.0,7871.25
708,0.5,0.5,3453.5,2779.5
709,0.5,0.5,10809.25,10031.75
71,0.5,0.5,8255.0,7500.75
710,0.5,0.5,4209.75,3855.5
711,0.5,0.5,6645.5,5887.5
712,0.5,0.5,5795.25,6346.25
713,0.5,0.5,9547.5,9317.0
714,0.5,0.5,3835.25,4840.25
715,0.5,0.5,6843.0,6243.75
716,0.5,0.5,4854.25,5484.0
717,0.5,0.5,5011.25,4843.25
718,0.5,0.5,7280.75,7829.5
719,0.5,0.5,4668.0,4290.25
72,0.5,0.5,4160.5,4059.75
720,0.5,0.5,7194.0,7390.5
721,0.5,0.5,6650.25,6667.0
722,0.5,0.5,9533.25,9717.5
723,0.5,0.5,5949.0,6129.5
724,0.5,0.5,5896.0,7010.0
725,0.5,0.5,4758.25,5277.75
726,0.5,0.5,10418.25,10856.5
727,0.5,0.5,4392.25,4632.5
728,0.5,0.5,4182.0,4701.75
729,0.5,0.5,9442.5,10327.0
73,0.5,0.5,4480.5,4468.0
730,0.5,0.5,7039.75,5931.25
731,0.5,0.5,8856.25,7774.5
732,0.5,0.5,4187.25,5000.75
733,0.5,0.5,14456.5,13590.75
734,0.5,0.5,5642.25,6277.0
735,0.5,0.5,5088.5,5661.5
736,0.5,0.5,4640.5,4508.0
737,0.5,0.5,6073.5,6017.5
738,0.5,0.5,7809.75,7469.5
739,0.5,0.5,8562.75,8696.25
74,0.5,0.5,5988.0,6427.25
740,0.5,0.5,6501.0,6141.0
741,0.5,0.5,7338.75,7615.75
742,0.5,0.5,7166.5,7205.75
743,0.5,0.5,3510.0,3704.5
744,0.5,0.5,6741.5,6191.75
745,0.5,0.5,7760.5,7157.5
746,0.5,0.5,5204.25,5254.75
747,0.5,0.5,6818.0,7433.25
748,0.5,0.5,5292.5,5582.5
749,0.5,0.5,5274.5,6863.0
75,0.5,0.5,4811.75,4533.25
750,0.5,0.5,4314.75,5084.25
751,0.5,0.5,4353.75,4102.25
752,0.5,0.5,5127.25,4590.25
753,0.5,0.5,7980.0,7935.75
754,0.5,0.5,6470.25,6265.75
755,0.5,0.5,9111.25,9363.75
756,0.5,0.5,13995.0,14657.5
757,0.5,0.5,5750.5,5611.0
758,0.5,0.5,5016.25,4760.0
759,0.5,0.5,7031.25,5761.25
76,0.5,0.5,7625.0,8773.0
760,0.5,0.5,6794.5,7337.75
761,0.5,0.5,8378.5,8030.75
762,0.5,0.5,3129.5,3255.0
763,0.5,0.5,5274.5,5128.0
764,0.5,0.5,3490.25,2968.0
765,0.5,0.5,8059.0,7131.75
766,0.5,0.5,5437.5,5738.75
767,0.5,0.5,5621.5,6395.5
768,0.5,0.5,11961.75,12867.25
769,0.5,0.5,9915.0,10410.25
77,0.5,0.5,6073.5,6737.75
770,0.5,0.5,6287.75,6837.5
771,0.5,0.5,5783.75,6077.75
772,0.5,0.5,3648.75,3070.5
773,0.5,0.5,5826.75,5934.25
774,0.5,0.5,5163.75,5080.25
775,0.5,0.5,7633.75,7591.75
776,0.5,0.5,4490.75,3934.75
777,0.5,0.5,3396.25,3664.5
778,0.5,0.5,5593.75,5513.0
779,0.5,0.5,6440.0,5819.0
78,0.5,0.5,3243.75,3637.75
780,0.5,0.5,5752.25,6139.5
781,0.5,0.5,4929.75,4853.0
782,0.5,0.5,4884.75,5253.75
783,0.5,0.5,5661.75,5490.75
784,0.5,0.5,7916.5,7351.0
785,0.5,0.5,5594.75,6642.0
786,0.5,0.5,3490.75,3073.5
787,0.5,0.5,9132.25,9681.25
788,0.5,0.5,17356.0,17128.25
789,0.5,0.5,3192.25,2392.5
79,0.5,0.5,4805.5,4517.75
790,0.5,0.5,6372.75,7092.0
791,0.5,0.5,6698.0,6765.5
792,0.5,0.5,7250.75,6343.0
793,0.5,0.5,4034.5,3945.75
794,0.5,0.5,2835.5,2912.5
795,0.5,0.5,4514.0,3137.0
796,0.5,0.5,6819.5,6676.75
797,0.5,0.5,3303.75,4317.25
798,0.5,0.5,7240.0,6078.25
799,0.5,0.5,9692.75,10082.0
8,0.5,0.5,4922.25,4361.5
80,0.5,0.5,6085.25,5807.75
800,0.5,0.5,5436.0,4861.0
801,0.5,0.5,4057.0,3627.0
802,0.5,0.5,6032.75,5633.5
803,0.5,0.5,4894.75,4210.5
804,0.5,0.5,4808.0,5245.25
805,0.5,0.5,4790.75,4928.75
806,0.5,0.5,6431.75,6373.0
807,0.5,0.5,8932.0,8833.75
808,0.5,0.5,6823.25,6725.25
809,0.5,0.5,9018.25,8837.25
81,0.5,0.5,5929.25,6658.75
810,0.5,0.5,5439.0,5248.0
811,0.5,0.5,3696.75,4469.25
812,0.5,0.5,6238.0,6447.0
813,0.5,0.5,5684.75,5663.75
814,0.5,0.5,7614.0,7332.75
815,0.5,0.5,8623.5,10880.75
816,0.5,0.5,4490.0,4550.75
817,0.5,0.0,21463.75,17782.75
818,0.5,0.5,5665.0,6061.25
819,0.5,0.5,5732.75,6223.0
82,0.5,0.5,8544.5,8119.25
820,0.5,0.5,11084.5,10952.5
821,0.5,0.5,6617.5,6345.0
822,0.5,0.5,6912.25,6950.0
823,0.5,0.5,5270.25,5580.0
824,0.5,0.5,7167.0,7743.25
825,0.5,0.5,3992.5,2769.25
826,0.5,0.5,8524.5,7683.75
827,0.5,0.5,9592.25,9585.5
828,0.5,0.5,5088.5,4704.25
829,0.5,0.5,5224.75,4996.25
83,0.5,0.5,3550.25,2971.0
830,0.5,0.5,6523.25,5389.25
831,0.5,0.5,13151.25,12549.0
832,0.5,0.5,5735.75,5454.5
833,0.5,0.5,5182.5,5145.0
834,0.5,0.5,5355.25,5619.5
835,0.5,0.5,4586.25,5081.0
836,0.5,0.5,5888.5,4979.0
837,0.0,0.0,5244.0,5998.0
838,0.5,0.5,7434.5,6977.25
839,0.5,0.5,5598.75,4789.5
84,0.5,0.5,12682.0,12318.0
840,0.5,0.5,7794.5,6496.0
841,0.5,0.5,2770.75,3021.75
842,0.5,0.5,15951.75,16952.0
843,0.5,0.5,8342.25,8936.5
844,0.5,0.5,4419.75,3676.75
845,0.5,0.5,4328.0,4431.0
846,0.5,0.5,8053.5,7771.5
847,0.5,0.5,6549.25,6591.5
848,0.5,0.5,5839.25,6201.0
849,0.5,0.5,7394.5,7472.25
85,0.5,0.5,5769.0,6768.0
850,0.5,0.5,5673.75,5861.0
851,0.5,0.5,5183.75,5493.75
852,0.5,0.5,4240.5,3989.25
853,0.5,0.5,8461.75,8841.0
854,0.5,0.5,6030.5,6353.25
855,0.5,0.5,5398.5,5033.5
856,0.5,0.5,6556.25,6901.0
857,0.5,0.5,6176.5,6575.5
858,0.5,0.5,4461.0,4013.0
859,0.5,0.5,6436.75,6698.5
86,0.5,0.5,4475.25,4928.25
860,0.5,0.5,4763.75,5540.5
861,0.5,0.5,3315.75,3294.75
862,0.5,0.5,7775.5,7387.25
863,0.5,0.5,7223.75,6692.0
864,0.5,0.5,3964.25,4410.5
865,0.5,0.5,7801.25,7441.25
866,0.5,0.5,5991.5,6719.0
867,0.5,0.5,3665.25,4118.75
868,0.5,0.5,7943.5,8480.5
869,0.5,0.5,5538.5,5608.0
87,0.5,0.5,5977.0,6759.75
870,0.5,0.5,6600.0,6796.25
871,0.5,0.5,4842.5,5581.75
872,0.5,0.5,8582.75,8349.5
873,0.5,0.5,3884.5,3236.0
874,0.5,0.5,3879.5,3980.0
875,0.5,0.5,4798.5,5167.5
876,0.5,0.5,8842.0,8637.75
877,0.5,0.5,6175.0,6120.75
878,0.5,0.5,8862.5,8684.0
879,0.5,0.5,3214.25,3672.75
88,0.5,0.5,5903.75,4859.5
880,0.5,0.5,6904.25,7317.75
881,0.5,0.5,4289.0,4216.5
882,0.5,0.5,5782.5,5723.75
883,0.5,0.5,4723.25,4038.0
884,0.5,0.5,4850.0,4910.0
885,0.5,0.5,4860.25,4817.25
886,0.5,0.5,6393.25,6141.75
887,0.5,0.5,5938.5,5886.5
888,0.5,0.5,6493.0,7128.0
889,0.5,0.5,3622.25,4179.75
89,0.5,0.5,5879.75,4984.25
890,0.5,0.5,4696.5,4942.5
891,0.5,0.5,6983.0,7326.75
892,0.5,0.5,6998.25,6725.0
893,0.5,0.5,6436.0,5992.0
894,0.5,0.5,8209.75,7439.0
895,0.5,0.5,8591.75,8232.25
896,0.5,0.5,6179.5,6217.25
897,0.5,0.5,2525.75,3086.0
898,0.5,0.5,6419.5,5977.75
899,0.5,0.5,5200.5,4746.75
9,0.5,0.5,6184.25,6515.0
90,0.5,0.5,7925.5,7866.0
900,0.5,0.5,5246.75,5648.25
901,0.5,0.5,6760.25,7054.5
902,0.5,0.5,4687.5,3300.75
903,0.5,0.5,10134.25,10601.5
904,0.5,0.5,5068.25,4473.25
905,0.5,0.5,8850.75,9538.75
906,0.5,0.5,9781.5,10158.25
907,0.5,0.5,5434.5,5628.75
908,0.5,0.5,4033.25,3894.0
909,0.5,0.5,9812.0,9689.75
91,0.5,0.5,6047.25,5843.0
910,0.5,0.5,4791.5,4973.75
911,0.5,0.5,8963.5,9198.0
912,0.5,0.5,4977.25,5788.0
913,0.5,0.5,8130.75,8328.25
914,0.5,0.5,8742.75,8617.0
915,0.5,0.5,4880.0,5386.25
916,0.5,0.5,4883.75,5326.75
917,0.5,0.5,6444.25,5642.25
918,0.5,0.5,5095.75,4325.0
919,0.5,0.5,5378.25,5399.5
92,0.5,0.5,5335.0,5433.0
920,0.5,0.5,5164.5,6720.75
921,0.5,0.5,9076.0,8776.5
922,0.5,0.5,6972.0,6265.75
923,0.5,0.5,4923.25,4897.75
924,0.5,0.5,4465.75,4466.5
925,0.5,0.5,6015.75,5776.5
926,0.5,0.5,6555.5,5722.75
927,0.5,0.5,6050.25,5936.25
928,0.5,0.5,7277.5,7441.0
929,0.5,0.5,5683.5,5869.75
93,0.5,0.5,5269.0,5332.25
930,0.5,0.5,5786.0,6421.5
931,0.5,0.5,2813.5,3330.5
932,0.5,0.5,7224.0,7233.5
933,0.5,0.5,7352.75,6388.75
934,0.5,0.5,6220.0,6549.0
935,0.5,0.5,5345.5,4777.5
936,0.5,0.5,6868.5,5790.25
937,0.5,0.5,6112.25,6493.0
938,0.5,0.5,8478.5,9003.25
939,0.5,0.5,5291.25,6370.5
94,0.5,0.5,6441.25,6202.0
940,0.5,0.5,6715.0,7081.75
941,0.5,0.5,4913.5,4477.5
942,0.5,0.5,5393.5,5712.5
943,0.5,0.5,6058.25,6453.0
944,0.5,0.5,6696.25,6812.75
945,0.5,0.5,4035.0,4042.75
946,0.5,0.5,3645.75,3959.75
947,0.6666666666666666,0.6666666666666666,8868.333333333334,7831.0
948,0.5,0.5,6422.5,6755.0
949,0.5,0.5,5149.75,5266.75
95,0.5,0.5,7021.25,7284.25
950,0.5,0.5,5296.0,5227.25
951,0.5,0.5,6670.0,6824.75
952,0.5,0.5,5678.5,6460.75
953,0.5,0.5,4968.25,4436.25
954,0.5,0.5,6731.75,5994.5
955,0.5,0.5,4623.5,4693.5
956,0.5,0.5,3857.0,3485.0
957,0.5,0.5,7282.25,6354.25
958,0.5,0.5,3863.5,3561.25
959,0.5,0.5,6794.25,6635.75
96,0.5,0.5,5443.25,4513.0
960,0.5,0.5,6394.25,6080.75
961,0.5,0.5,5751.5,5765.0
962,0.5,0.5,6283.25,6357.25
963,0.5,0.5,10142.5,9829.0
964,0.5,0.5,8797.0,9761.75
965,0.5,0.5,8662.25,7697.75
966,0.5,0.5,4733.75,4399.0
967,0.5,0.5,7273.0,7309.5
968,0.5,0.5,7007.75,7093.75
969,0.5,0.5,3449.0,3301.5
97,0.5,0.5,5881.0,6423.25
970,0.5,0.5,3656.75,3701.75
971,0.5,0.5,7342.75,7702.75
972,0.5,0.5,3235.0,2712.75
973,0.5,0.5,5637.0,6240.0
974,0.5,0.5,10930.75,10378.75
975,0.5,0.5,6815.75,6260.0
976,0.5,0.5,7154.0,6099.75
977,0.5,0.5,4536.5,4037.25
978,0.5,0.5,6876.25,6795.25
979,0.5,0.5,5427.75,5909.0
98,0.5,0.5,4070.25,5054.25
980,0.5,0.5,6573.5,6721.5
981,0.5,0.5,6439.5,6289.75
982,0.5,0.5,7186.25,7293.0
983,0.5,0.5,10582.0,11138.25
984,0.5,0.5,5570.0,5368.25
985,0.5,0.5,6619.75,7669.5
986,0.5,0.5,5729.25,4579.5
987,0.5,0.5,6296.75,7293.5
988,0.5,0.5,4194.5,3117.0
989,0.5,0.5,5214.0,6179.75
99,0.5,0.5,4686.0,4748.25
990,0.5,0.5,5595.5,6371.0
991,0.5,0.5,4627.75,4684.25
992,0.5,0.5,6096.25,5985.5
993,0.5,0.5,6142.75,6266.0
994,0.5,0.5,4287.25,3526.5
995,0.5,0.5,8481.5,7895.25
996,0.5,0.5,6075.25,5178.5
997,0.5,0.5,4449.0,5777.75
998,0.5,0.5,3916.5,3855.75
999,0.5,0.5,8447.5,7973.0
